{
  "train": [
    5.991028308868408,
    2.792513847351074,
    3.6852898597717285,
    2.4990313053131104,
    2.218535900115967,
    1.8677833080291748,
    1.8779659271240234,
    1.8347505331039429,
    1.8704527616500854,
    1.6468677520751953,
    1.5895658731460571,
    1.7182118892669678,
    1.5532697439193726,
    1.5416884422302246,
    1.5303922891616821,
    1.6099262237548828,
    1.5523083209991455,
    1.52696692943573,
    1.479866623878479,
    1.4534525871276855,
    1.4513503313064575,
    1.420354962348938,
    1.3180991411209106,
    1.4442203044891357,
    1.4878109693527222,
    1.3892271518707275,
    1.4080415964126587,
    1.4106768369674683,
    1.3806096315383911,
    1.4452686309814453,
    1.4236661195755005,
    1.4092938899993896,
    1.3979260921478271,
    1.3592543601989746,
    1.3589180707931519,
    1.3615103960037231,
    1.3860727548599243,
    1.48526930809021,
    1.305173397064209,
    1.3289973735809326,
    1.3484364748001099,
    1.2801998853683472,
    1.3812743425369263,
    1.246941328048706,
    1.2765223979949951,
    1.3847802877426147,
    1.3088927268981934,
    1.2935006618499756,
    1.328458547592163,
    1.2226526737213135,
    1.257068395614624,
    1.2287399768829346,
    1.3002187013626099,
    1.2874990701675415,
    1.212683916091919,
    1.209688663482666,
    1.2983921766281128,
    1.190580129623413,
    1.217504858970642,
    1.197121500968933,
    1.1163662672042847,
    1.192695140838623,
    1.1473662853240967,
    1.1816023588180542,
    1.1496098041534424,
    1.151570200920105,
    1.1875512599945068,
    1.1538703441619873,
    1.1877413988113403,
    1.1411901712417603,
    0.8710496425628662,
    1.161954402923584,
    1.2254055738449097,
    1.1607977151870728,
    1.1774613857269287,
    1.0400584936141968,
    1.0174801349639893,
    1.05507493019104,
    1.0201499462127686,
    1.0358532667160034,
    1.1047511100769043,
    1.085364818572998,
    0.983330488204956,
    0.9776204824447632,
    0.9765427112579346,
    1.0826630592346191,
    1.0691521167755127,
    0.9294238686561584,
    0.9533185362815857,
    0.9798905849456787,
    1.0410816669464111,
    0.8999140858650208,
    0.9495134353637695,
    0.9957507252693176,
    0.9052109122276306,
    0.9400911927223206,
    0.9014720320701599,
    0.935778021812439,
    0.9284495711326599,
    1.0618703365325928
  ],
  "valid": [
    0.9322834014892578
  ]
}