{
  "train": [
    6.849430561065674,
    2.4958102703094482,
    3.003389835357666,
    1.7145519256591797,
    2.320183515548706,
    1.865192174911499,
    1.8647639751434326,
    1.832236647605896,
    1.6896672248840332,
    1.7994017601013184,
    1.5639113187789917,
    1.562009334564209,
    1.4830892086029053,
    1.518017053604126,
    1.464132308959961,
    1.5298994779586792,
    1.4489072561264038,
    1.4397107362747192,
    1.4875324964523315,
    1.5561175346374512,
    1.4188919067382812,
    1.3607045412063599,
    1.4478882551193237,
    1.3038653135299683,
    1.421065092086792,
    1.3829522132873535,
    1.368278980255127,
    1.3195370435714722,
    1.4946799278259277,
    1.3984044790267944,
    1.3968942165374756,
    1.4476561546325684,
    1.3669694662094116,
    1.4781692028045654,
    1.3855692148208618,
    1.4024497270584106,
    1.4209721088409424,
    1.3637362718582153,
    1.2514317035675049,
    1.4368095397949219,
    1.2984201908111572,
    1.3844258785247803,
    1.3204874992370605,
    1.2875237464904785,
    1.224753737449646,
    1.3699266910552979,
    1.110543966293335,
    1.2547366619110107,
    1.2092849016189575,
    1.1326136589050293,
    1.1806045770645142,
    1.2177566289901733,
    1.160041093826294,
    1.2279820442199707,
    1.128385066986084,
    1.123759388923645,
    1.1941847801208496,
    1.183883547782898,
    1.1290247440338135,
    1.1194959878921509,
    1.1207733154296875,
    1.101200819015503,
    1.0940558910369873,
    0.9799856543540955,
    1.1089601516723633,
    1.078493356704712,
    1.076937198638916,
    1.188585638999939,
    0.9507456421852112,
    1.1631184816360474,
    1.2685948610305786,
    0.9888964891433716,
    1.082507848739624,
    1.0081409215927124,
    1.14336097240448,
    1.0524249076843262,
    1.002087116241455,
    1.0680307149887085,
    1.051181674003601,
    0.9993941783905029,
    0.9575722813606262,
    1.0342034101486206,
    0.9389613270759583,
    0.9291438460350037,
    0.8781457543373108,
    0.9890590310096741,
    0.937224805355072,
    1.002092719078064,
    0.9849710464477539,
    0.9456618428230286,
    0.943720281124115,
    0.9773353934288025,
    0.9237499833106995,
    0.8818054795265198,
    0.8202377557754517,
    0.8659603595733643,
    0.8658627867698669,
    0.9551404118537903,
    0.8604453206062317,
    0.8224549889564514
  ],
  "valid": [
    0.8677194118499756
  ]
}